,,Overall,,,,,,,Conf.,,,Home,,,Away,,,Points,,,Opponent Advanced,,,,,,,,,,,,
Rk,School,G,W,L,W-L%,SRS,SOS,,W,L,,W,L,,W,L,,Tm.,Opp.,,Pace,ORtg,FTr,3PAr,TS%,TRB%,AST%,STL%,BLK%,eFG%,TOV%,ORB%,FT/FGA
1,Air Force,32,18,14,0.563,4.06,4.16,,8,8,,13,2,,3,11,,2241,2170,,64.8,104.2,0.365,0.413,0.543,54.2,59.9,8.6,10.2,0.515,17.1,33.4,0.246
2,Akron NCAA,33,26,7,0.788,8.12,0.18,,14,2,,15,1,,7,4,,2369,2071,,66.4,93.1,0.344,0.297,0.486,48.1,49.5,10.3,8.1,0.443,17.4,33.2,0.245
3,Alabama,36,23,13,0.639,9.82,5.96,,12,6,,16,4,,4,8,,2268,2102,,62.3,92.8,0.325,0.322,0.491,53.4,48.1,8.9,10.4,0.454,19.6,37,0.226
4,Alabama A&M,31,11,20,0.355,-18.41,-9.82,,6,12,,7,6,,3,12,,1957,2160,,67.4,102.1,0.373,0.266,0.523,53.1,49.8,10.8,8.7,0.493,15.7,35.4,0.246
5,Alabama State,32,10,22,0.313,-17.9,-9.03,,8,10,,7,5,,3,14,,1979,2231,,67,103.2,0.379,0.342,0.523,53.3,54.9,11.7,8.3,0.491,16.7,38.5,0.252
6,Albany (NY) NCAA,35,24,11,0.686,-0.86,-4.51,,9,7,,11,4,,11,5,,2251,2123,,62.8,96.3,0.278,0.346,0.507,51.1,46.6,9.6,10.1,0.483,17.3,32.4,0.182
7,Alcorn State,34,10,24,0.294,-14.27,-7.11,,8,10,,5,8,,4,14,,2055,2248,,69,95.4,0.468,0.325,0.49,54.7,49.6,9.8,9,0.445,16.3,38.1,0.309
8,American,30,10,20,0.333,-8.55,-2.52,,5,9,,7,6,,3,14,,1735,1916,,59.4,106.2,0.279,0.352,0.537,51.4,59.9,10.8,11.1,0.513,13.6,29.7,0.189
9,Appalachian State,31,15,16,0.484,-7.88,-5.74,,10,8,,10,4,,4,11,,2211,2221,,68.3,102.5,0.341,0.294,0.537,52.4,50.1,10.6,8.6,0.505,17,33.7,0.236
10,Arizona NCAA,35,27,8,0.771,17.31,7.48,,12,6,,14,2,,7,4,,2570,2226,,66.8,94.9,0.329,0.309,0.504,47.3,49.2,9.2,9.3,0.466,17.4,29.2,0.234
11,Arizona State,35,22,13,0.629,8.82,4.57,,9,9,,16,4,,4,7,,2512,2363,,67.5,98.3,0.266,0.321,0.5,51.7,52.1,10,9.3,0.464,15.5,32.3,0.197
12,Arkansas,32,19,13,0.594,9.83,4.99,,10,8,,17,1,,1,9,,2358,2203,,70.6,96.8,0.444,0.328,0.527,54.1,51.5,7.4,9.5,0.492,21.2,36.9,0.293
13,Arkansas State,31,19,12,0.613,0.79,-4.34,,12,8,,13,2,,5,9,,2127,1944,,66.3,92,0.352,0.313,0.5,51.3,47.5,9.2,8.3,0.464,20.3,33.7,0.239
14,Arkansas-Pine Bluff,30,16,14,0.533,-12.21,-8.28,,15,3,,9,0,,6,12,,1880,1998,,68.7,96.5,0.377,0.407,0.507,54.7,65.4,10.5,8.2,0.469,19.8,38.7,0.257
15,Army,31,16,15,0.516,-1.48,-4.51,,8,6,,9,4,,6,10,,2245,2112,,67.8,99.3,0.366,0.352,0.514,50.6,54.5,9.9,10.2,0.479,16.3,32.6,0.249
16,Auburn,32,9,23,0.281,0.23,4.2,,3,15,,7,10,,1,9,,2074,2201,,66.6,101.3,0.43,0.388,0.532,53.5,58.4,9.7,9.8,0.497,17.2,33.5,0.288
17,Austin Peay,31,8,23,0.258,-12.31,-4.28,,4,12,,5,8,,2,12,,2218,2371,,69.7,107.6,0.285,0.324,0.542,53.8,56,12.2,8.4,0.512,15.6,37.4,0.205
18,Ball State,30,15,15,0.5,-6.7,-3.14,,8,8,,8,8,,7,6,,1957,2041,,65.8,103.5,0.362,0.352,0.543,49,58.8,11.3,8.7,0.508,17.1,32,0.257
19,Baylor,37,23,14,0.622,15.07,7.12,,9,9,,15,5,,4,7,,2811,2456,,68.4,96.3,0.324,0.296,0.489,50.3,53.1,9.2,8.3,0.452,16.1,34.9,0.224
20,Belmont NCAA,33,26,7,0.788,10.41,-0.92,,14,2,,13,0,,9,4,,2533,2129,,68.1,94.4,0.372,0.372,0.517,53.2,54.6,9.4,11.8,0.477,21.8,36.8,0.264
21,Bethune-Cookman,34,14,20,0.412,-9.51,-6.41,,7,9,,9,4,,2,14,,2283,2318,,67.2,100.7,0.475,0.304,0.545,53.4,57.1,8.8,9.2,0.506,19.7,35.1,0.323
22,Binghamton,30,3,27,0.1,-18.51,-3.68,,1,15,,2,12,,1,14,,1676,2081,,66.2,104.8,0.315,0.406,0.53,54.6,60.9,11.8,6.1,0.509,14.8,33.9,0.2
23,Boise State NCAA,32,21,11,0.656,9.38,5.21,,9,7,,14,1,,5,8,,2343,2095,,66.3,98.3,0.407,0.384,0.541,48.9,56.6,8.7,8.1,0.502,18.2,26.5,0.287
24,Boston College,33,16,17,0.485,6.11,7.04,,7,11,,12,6,,3,7,,2215,2246,,64,105.9,0.291,0.323,0.538,53,48.7,8.9,9,0.511,15.4,33.3,0.203
25,Boston University,30,17,13,0.567,-0.58,-3.92,,11,5,,9,3,,7,9,,2035,1935,,65.5,97.7,0.332,0.326,0.514,54.9,50.1,8.9,9.3,0.474,18.4,34.6,0.241
26,Bowling Green State,32,13,19,0.406,-3.32,-1.75,,7,9,,11,5,,1,12,,2010,2033,,63.9,97.8,0.335,0.312,0.513,52.5,53.5,11.4,7.4,0.479,17.5,33.9,0.23
27,Bradley,35,18,17,0.514,1.25,1.96,,7,11,,14,4,,4,10,,2371,2396,,66.1,102.8,0.353,0.371,0.548,53.7,57.2,8.7,8.2,0.51,18.8,35,0.261
28,Brigham Young,36,24,12,0.667,10.63,3.72,,10,6,,15,3,,7,5,,2777,2502,,71.1,97.8,0.369,0.352,0.514,49.6,57.9,8.8,8,0.479,16.8,30.2,0.249
29,Brown,28,13,15,0.464,-6.32,-3.02,,7,7,,8,5,,5,10,,1748,1800,,63.7,98.8,0.33,0.345,0.518,50.1,54.9,11.6,9,0.488,16.3,29.1,0.222
30,Bryant,31,19,12,0.613,-2.07,-4.71,,12,6,,11,5,,8,7,,2294,2212,,67,106.1,0.302,0.393,0.544,51.6,55.5,10.1,11.2,0.518,15.3,33.3,0.209
31,Bucknell NCAA,34,28,6,0.824,6.96,-1.95,,12,2,,14,1,,12,4,,2277,1966,,62.6,92.3,0.291,0.309,0.463,47.7,48.9,7.2,5.8,0.425,12.6,26.5,0.205
32,Buffalo,34,14,20,0.412,-1.94,-0.34,,7,9,,9,6,,4,10,,2275,2287,,65,102.8,0.365,0.314,0.514,49.4,52.3,11.3,9.5,0.472,14.9,34.9,0.262
33,Butler NCAA,36,27,9,0.75,11.01,6.09,,11,5,,14,2,,7,4,,2495,2299,,64.9,98.1,0.355,0.31,0.508,46.6,49.2,10,9.1,0.468,15.2,28.9,0.25
34,Cal Poly,32,18,14,0.563,-0.77,-0.94,,12,6,,13,1,,4,12,,2074,2020,,60,104.3,0.368,0.345,0.554,51.8,58.9,6.5,10.4,0.523,17.3,31.2,0.256
35,Cal State Bakersfield,30,14,16,0.467,-6.49,-2.22,,,,,9,4,,3,11,,2041,2070,,67.7,100.3,0.487,0.346,0.551,52.8,56,9,9.3,0.51,19.7,32.9,0.338
36,Cal State Fullerton,32,14,18,0.438,-3.27,-3.33,,6,12,,6,7,,6,10,,2451,2381,,70.2,105.9,0.355,0.32,0.561,57.4,58.3,8.1,8.6,0.533,19.5,39.8,0.245
37,Cal State Northridge,31,14,17,0.452,-4.18,-2.22,,5,13,,6,7,,5,10,,2333,2309,,71.5,104.1,0.383,0.36,0.566,50,56.5,9.5,8.6,0.535,19.4,33.5,0.267
38,California NCAA,33,21,12,0.636,10.59,7.71,,12,6,,11,5,,6,5,,2218,2123,,66.5,96.4,0.325,0.293,0.48,50,51.1,8.9,7.2,0.443,14.3,33.2,0.223
39,Campbell,33,13,20,0.394,-10.23,-5.53,,7,9,,8,8,,4,9,,2284,2395,,67.7,104.8,0.378,0.324,0.539,54.1,56.7,10.4,7.4,0.506,17.4,39.4,0.26
40,Canisius,34,20,14,0.588,2.38,-0.98,,11,7,,12,4,,8,9,,2499,2385,,66.8,104.2,0.324,0.365,0.536,51.4,59.6,9.9,10.3,0.504,17,36.6,0.23
41,Central Arkansas,30,13,17,0.433,-10.89,-6.14,,7,11,,8,7,,5,8,,2294,2359,,73.2,104.9,0.403,0.272,0.533,54.1,56.2,9.9,8.7,0.504,16.8,40,0.262
42,Central Connecticut State,30,13,17,0.433,-8.23,-4.03,,9,9,,6,6,,7,10,,2186,2312,,70.7,107.2,0.293,0.352,0.541,57.4,55.8,8.1,7.4,0.517,16,40,0.198
43,Central Michigan,31,11,20,0.355,-6.15,-1.22,,4,12,,6,6,,2,13,,2092,2226,,65.5,108.8,0.339,0.356,0.568,55.3,57.8,9.1,13,0.544,17.3,37.7,0.23
44,Charleston Southern,32,19,13,0.594,-1.92,-5.48,,12,4,,11,3,,6,9,,2361,2144,,68.1,97.6,0.291,0.365,0.511,50.1,50.1,8.7,11.1,0.479,17.3,32.5,0.207
45,Charlotte,33,21,12,0.636,2.72,2.78,,8,8,,12,3,,5,7,,2229,2231,,68.2,98.4,0.393,0.362,0.512,49.4,51,10.9,9.4,0.469,17.4,34.4,0.277
46,Chattanooga,32,13,19,0.406,-10.43,-4.93,,8,10,,8,9,,4,9,,2218,2318,,68.8,104.4,0.324,0.434,0.558,49.4,65.9,10.8,9.3,0.531,17.3,30.6,0.226
47,Chicago State,33,11,22,0.333,-11.79,-4.92,,3,5,,8,5,,2,16,,2151,2276,,68.2,99.2,0.46,0.337,0.545,54.9,56.6,10,8.5,0.503,20.9,36.4,0.322
48,Cincinnati NCAA,34,22,12,0.647,14.47,6.94,,9,9,,13,5,,4,5,,2262,2006,,64.9,89.9,0.327,0.304,0.469,48.3,53.8,8.8,8.8,0.433,17.4,33.4,0.218
49,Clemson,31,13,18,0.419,5.85,4.46,,5,13,,8,7,,3,9,,1907,1864,,62.2,96.6,0.329,0.305,0.5,52.1,52.9,8.8,7.6,0.468,17.4,34.7,0.22
50,Cleveland State,32,14,18,0.438,-7.33,-0.16,,5,11,,9,5,,3,13,,2051,2226,,65.4,105.9,0.433,0.338,0.567,54.1,62.5,10,10.3,0.522,18.9,36.8,0.323
51,Coastal Carolina,29,14,15,0.483,-5.56,-5.18,,9,7,,12,4,,2,11,,1943,1840,,65.6,96.2,0.381,0.419,0.521,48.5,55.2,9.3,7.6,0.484,20.2,34.2,0.264
52,Colgate,32,11,21,0.344,-8.72,-2.57,,5,9,,7,5,,3,16,,2033,2230,,66.4,104.6,0.33,0.344,0.524,52.2,53.9,9.7,8.2,0.491,13.2,29.5,0.23
53,College of Charleston,35,24,11,0.686,0.2,-3.83,,14,4,,10,7,,11,2,,2297,2176,,63.8,97.4,0.263,0.292,0.486,48.2,42.4,11.1,7.8,0.452,13.3,30.2,0.189
54,Colorado NCAA,33,21,12,0.636,11.91,7.91,,10,8,,12,3,,5,7,,2230,2098,,65.7,95.4,0.253,0.365,0.488,49.8,46.8,10.1,10.1,0.459,16.5,33.1,0.175
55,Colorado State NCAA,35,26,9,0.743,13.6,5.84,,11,5,,16,1,,6,6,,2553,2229,,64.5,98.3,0.364,0.371,0.513,43.1,43.8,8,8,0.477,14.9,25.9,0.249
56,Columbia,28,12,16,0.429,-3.24,-3.47,,4,10,,6,7,,5,9,,1746,1694,,61.3,98.7,0.396,0.29,0.528,51.5,50.9,7.9,11.3,0.489,17.8,29.4,0.279
57,Connecticut,30,20,10,0.667,11.89,7.42,,10,8,,13,3,,4,5,,2096,1962,,64.9,97.2,0.31,0.31,0.488,55.6,51,10,10.2,0.453,16.8,40.1,0.214
58,Coppin State,32,8,24,0.25,-12.64,-4.19,,5,11,,4,7,,4,15,,2035,2277,,69.3,101,0.375,0.367,0.529,58.8,57.9,10.5,12.8,0.499,19.7,43.6,0.248
59,Cornell,31,13,18,0.419,-7.25,-2.35,,5,9,,4,10,,7,8,,2040,2168,,67.2,104.1,0.366,0.363,0.564,53,58.8,9.6,11.3,0.531,18.3,30.2,0.263
60,Creighton NCAA,36,28,8,0.778,16.43,5.15,,13,5,,15,2,,7,5,,2680,2274,,65,97.2,0.261,0.332,0.488,48.4,51.1,10.2,7.8,0.459,13.9,29.2,0.178
61,Dartmouth,28,9,19,0.321,-9.2,-3.16,,5,9,,6,7,,3,12,,1719,1844,,64.1,102.3,0.415,0.334,0.547,53.4,54,10.1,11.1,0.501,18.6,33.3,0.308
62,Davidson NCAA,34,26,8,0.765,7.3,-3.43,,17,1,,12,1,,9,4,,2490,2110,,64.8,95.5,0.368,0.264,0.497,50.7,41,8.5,8.8,0.452,16.3,30.7,0.264
63,Dayton,31,17,14,0.548,9.37,4.28,,7,9,,13,4,,2,8,,2225,2067,,66.4,99.7,0.375,0.329,0.53,49.2,59.9,8.8,10.3,0.492,18.3,33.2,0.264
64,Delaware,33,19,14,0.576,-0.76,-0.79,,13,5,,9,4,,8,7,,2276,2275,,66.6,101.9,0.33,0.311,0.499,50.2,51.4,10.3,7.5,0.465,13.5,34,0.224
65,Delaware State,33,15,18,0.455,-11.18,-5.89,,8,8,,8,3,,5,12,,1997,2094,,62.3,100,0.321,0.287,0.513,54.7,57.3,10.8,9.7,0.482,18.2,40.8,0.218
66,Denver,32,22,10,0.688,9.18,0.24,,16,2,,14,2,,8,7,,2076,1790,,59.7,93.3,0.41,0.245,0.52,57.8,44.3,8,8.6,0.473,22.6,37.3,0.296
67,DePaul,32,11,21,0.344,1.71,5.61,,2,16,,7,10,,4,8,,2284,2409,,71.4,104.2,0.362,0.255,0.547,55.7,53.2,11.2,10.2,0.515,18.4,40.1,0.251
68,Detroit Mercy,33,20,13,0.606,6.72,1.62,,12,4,,13,2,,7,10,,2568,2340,,70.1,101.1,0.352,0.337,0.559,52.7,51.7,7.5,9.6,0.527,20.5,34,0.25
69,Drake,32,15,17,0.469,3.42,5.13,,7,11,,9,6,,4,7,,2296,2319,,68.5,104.6,0.387,0.356,0.553,54.2,56.4,11,10.3,0.509,16.6,31.3,0.291
70,Drexel,31,13,18,0.419,-1.06,-0.96,,9,9,,5,9,,7,6,,1953,1956,,61.4,100.8,0.434,0.31,0.534,49.4,48.1,9.1,9.5,0.487,16.6,28.6,0.314
71,Duke NCAA,36,30,6,0.833,21.46,9.57,,14,4,,16,0,,5,4,,2778,2350,,68.2,95.7,0.327,0.269,0.496,52.7,40,7.3,8.1,0.455,17.5,34.7,0.237
72,Duquesne,30,8,22,0.267,-4.52,3.51,,1,15,,6,9,,2,12,,2028,2269,,69.4,108.1,0.328,0.345,0.541,54.1,58.8,10.3,11.3,0.515,14.8,36.9,0.222
73,East Carolina,35,23,12,0.657,2.57,0.82,,9,7,,17,4,,6,7,,2679,2484,,70,100.4,0.315,0.269,0.504,53.2,58.7,9,9.3,0.475,16.2,37.3,0.211
74,East Tennessee State,32,10,22,0.313,-11.53,-2.11,,8,10,,5,8,,5,11,,1994,2284,,66.1,107.5,0.324,0.431,0.562,56.7,65.4,10.9,9.9,0.537,18.3,38.2,0.222
75,Eastern Illinois,32,11,21,0.344,-8.92,-5.08,,6,10,,5,9,,4,11,,1933,2055,,60.7,105.4,0.379,0.404,0.568,53,61.4,10.1,12.1,0.54,18.9,33.3,0.261
76,Eastern Kentucky,35,25,10,0.714,1.7,-3.88,,12,4,,15,1,,9,8,,2586,2303,,65.6,99.5,0.434,0.341,0.551,56.9,58.9,9.7,10.8,0.506,22.7,40.5,0.318
77,Eastern Michigan,34,16,18,0.471,-6.25,-1.25,,7,9,,13,5,,2,12,,1926,2011,,61,96.6,0.357,0.441,0.495,53.6,72.8,12.3,6.6,0.463,19.3,41,0.234
78,Eastern Washington,31,10,21,0.323,-10.87,-5.58,,7,13,,7,7,,2,13,,2146,2310,,68.4,107.2,0.362,0.286,0.518,54.8,61.2,10.5,11.8,0.481,13.3,38.1,0.254
79,Elon,33,21,12,0.636,-3.55,-5.16,,13,5,,12,3,,8,8,,2273,2144,,66.7,96.3,0.358,0.304,0.502,53.4,48.9,9.6,6.3,0.464,17.1,32,0.248
80,Evansville,36,21,15,0.583,5.26,2.91,,10,8,,15,3,,5,11,,2490,2374,,65.7,99.3,0.352,0.331,0.537,52.8,54.7,8.6,9,0.506,19,32.5,0.242
81,Fairfield,35,19,16,0.543,-0.53,-1.99,,9,9,,6,5,,8,10,,2122,2071,,62,94.7,0.456,0.243,0.495,51.9,42.6,11.3,10.5,0.444,18.5,35.8,0.316
82,FDU,31,7,24,0.226,-17.99,-4.64,,2,16,,2,10,,3,14,,2034,2448,,69.2,113.3,0.357,0.323,0.556,58.8,58.8,12.2,8.2,0.526,14.6,42.9,0.248
83,Florida NCAA,37,29,8,0.784,23.88,6.85,,14,4,,15,0,,7,5,,2642,2012,,62.9,86.4,0.299,0.328,0.464,48.6,50.9,9.3,7.9,0.433,19.4,31,0.195
84,Florida A&M,31,8,23,0.258,-16.11,-6.17,,5,11,,6,4,,1,17,,2015,2235,,70.2,101.1,0.412,0.294,0.533,56.8,53,10.6,10.2,0.499,19.4,42.6,0.276
85,Florida Atlantic,32,14,18,0.438,-5.84,-2.45,,9,11,,11,4,,3,13,,2092,2164,,66.3,100.5,0.362,0.287,0.493,52,46,11.2,10.1,0.454,14.4,37.1,0.248
86,Florida Gulf Coast NCAA,37,26,11,0.703,3.01,-1.82,,13,5,,15,1,,6,9,,2696,2469,,69.5,95,0.332,0.379,0.5,51.7,55.8,10.3,8.3,0.465,19,35.4,0.228
87,Florida International,32,18,14,0.563,-2.05,-2.08,,11,9,,10,3,,6,10,,2210,2209,,69.6,99.2,0.371,0.367,0.541,55.3,58.8,9.5,11.2,0.511,21.8,39.8,0.25
88,Florida State,34,18,16,0.529,5.71,7.26,,9,9,,10,8,,3,7,,2278,2331,,66.3,103.4,0.348,0.324,0.53,54.4,53.7,10.8,8.6,0.497,17.5,40,0.241
89,Fordham,31,7,24,0.226,-6.88,4.6,,3,13,,4,7,,1,15,,1997,2353,,68.8,110.3,0.448,0.351,0.55,50.6,58.8,11.6,9.7,0.51,13.9,35,0.313
90,Fresno State,30,11,19,0.367,3.19,6.44,,5,11,,6,8,,5,10,,1798,1829,,62.1,97.4,0.471,0.305,0.503,55.5,52,7.7,10.8,0.456,18,38.1,0.318
91,Furman,31,7,24,0.226,-17.42,-5.25,,3,15,,5,9,,1,14,,1869,2180,,64.7,108.7,0.294,0.306,0.547,54.9,57.4,11.4,7.5,0.519,15.2,36.8,0.209
92,Gardner-Webb,34,21,13,0.618,-3.17,-5.88,,11,5,,12,3,,6,9,,2236,2066,,64.2,92.9,0.343,0.326,0.505,50.1,51,10.4,7.6,0.477,20.6,34.1,0.221
93,George Mason,38,22,16,0.579,2.03,-0.15,,10,8,,10,7,,8,6,,2587,2504,,65.8,99.1,0.445,0.359,0.519,51.8,53.5,8.8,9,0.473,18.6,37.5,0.312
94,George Washington,30,13,17,0.433,4.24,3.51,,7,9,,7,7,,5,9,,1988,1966,,68.1,95.9,0.327,0.292,0.508,48.7,49.5,13.9,9.9,0.474,18.4,34.1,0.227
95,Georgetown NCAA,32,25,7,0.781,15.86,7.61,,14,4,,16,1,,6,3,,2070,1806,,62.4,89,0.353,0.34,0.469,51.6,56.7,10,9.6,0.43,19.1,34.1,0.235
96,Georgia,32,15,17,0.469,5.39,6.17,,9,9,,12,6,,3,8,,1946,1971,,62.4,97.1,0.379,0.375,0.49,50.2,49,12,9.7,0.45,15.7,33,0.258
97,Georgia Southern,33,14,19,0.424,-9.62,-4.98,,7,11,,7,6,,5,11,,2050,2148,,63.1,102.1,0.375,0.34,0.529,53.7,50.5,10.2,8.7,0.493,17.8,37.1,0.26
98,Georgia State,31,15,16,0.484,-2.01,-2.38,,10,8,,9,7,,6,9,,2114,2075,,64.1,103.1,0.366,0.401,0.544,53.8,60,8.2,11.4,0.509,18.1,35.3,0.258
99,Georgia Tech,31,16,15,0.516,6.62,4.69,,6,12,,11,6,,3,7,,1993,1933,,66.3,93.7,0.33,0.328,0.487,49.9,55.7,9.3,10.5,0.454,16.5,30.6,0.22
100,Gonzaga NCAA,35,32,3,0.914,20.44,4.14,,16,0,,15,1,,10,1,,2696,2095,,65.3,91.7,0.294,0.387,0.482,46.7,47.6,9.5,8.5,0.449,18.1,32.2,0.2
101,Grambling,28,0,28,0,-35.87,-9.19,,0,18,,0,9,,0,18,,1391,2138,,65.6,116.3,0.349,0.335,0.545,60.5,56.5,15.5,10.7,0.522,12.1,47.1,0.226
102,Green Bay,34,18,16,0.529,1.66,-0.28,,10,6,,12,3,,4,12,,2247,2142,,64.1,97.5,0.332,0.356,0.513,48.7,55.5,11.2,8.2,0.472,16.1,29.1,0.245
103,Hampton,31,14,17,0.452,-9.32,-7.8,,11,5,,7,7,,7,8,,1936,1983,,68.9,91.3,0.425,0.318,0.48,51,49.9,10.1,10.6,0.438,19,35.4,0.277
104,Hartford,31,17,14,0.548,-5.83,-4.7,,10,6,,10,5,,7,8,,1863,1898,,64.2,95.3,0.415,0.312,0.529,56.2,47,10.7,10.7,0.494,21.6,34.7,0.279
105,Harvard NCAA,30,20,10,0.667,3.96,0.17,,11,3,,13,1,,6,8,,2049,1924,,63.9,99.2,0.31,0.283,0.524,53.7,48.8,9.7,9.9,0.488,18.2,34.4,0.225
106,Hawaii,32,17,15,0.531,-3.37,-2.54,,10,8,,13,7,,4,7,,2336,2305,,69.7,103,0.318,0.373,0.523,48.4,55.2,10.5,7.2,0.491,14.8,32.4,0.222
107,High Point,31,17,14,0.548,-4.64,-7.23,,12,4,,10,5,,6,8,,2221,2052,,67.4,97.4,0.397,0.325,0.508,50.3,51.1,8.7,7,0.472,17.5,34.4,0.264
108,Hofstra,32,7,25,0.219,-10.74,-1.9,,4,14,,6,9,,1,14,,1873,2132,,64.9,101.8,0.361,0.33,0.523,53.1,55.9,12.2,12.7,0.484,17.2,37.4,0.256
109,Holy Cross,30,12,18,0.4,-6.12,-2.96,,4,10,,7,5,,4,12,,1834,1929,,62.3,102.8,0.311,0.362,0.51,52.6,56.4,9.1,10.6,0.477,13.5,32.8,0.217
110,Houston,33,20,13,0.606,-0.3,-3.77,,7,9,,14,4,,5,8,,2578,2420,,70.1,101.9,0.337,0.332,0.516,49.9,54.6,9.2,8.1,0.484,15.8,34.1,0.23
111,Houston Christian,31,14,17,0.452,-15.25,-8.1,,3,5,,7,5,,3,12,,1982,2080,,69.6,94.9,0.409,0.263,0.508,52.3,48.1,13.2,9.6,0.465,19.8,35.9,0.285
112,Howard,31,7,24,0.226,-14.41,-5.34,,4,12,,5,7,,2,13,,1615,1868,,62.1,97.1,0.368,0.349,0.505,52.8,52.9,10.7,8.4,0.468,19,38.5,0.25
113,Idaho,30,12,18,0.4,-2.23,0.29,,7,11,,6,8,,6,8,,2050,2079,,63.3,108.5,0.306,0.348,0.536,48.5,47.1,10.5,8.5,0.509,12.2,31.2,0.209
114,Idaho State,30,6,24,0.2,-13.08,-4.94,,5,15,,5,7,,1,14,,1710,1928,,60.4,105.5,0.337,0.385,0.545,57.5,58.8,9.2,9.9,0.517,17.8,38,0.23
115,Illinois NCAA,36,23,13,0.639,13.18,10.04,,8,10,,12,4,,6,6,,2465,2332,,65.5,98.6,0.358,0.355,0.521,53.4,53.3,8.4,9.1,0.485,18.6,36.9,0.251
116,Illinois State,33,18,15,0.545,9.61,3.7,,8,10,,11,5,,5,8,,2460,2265,,69.3,98.3,0.34,0.358,0.519,52.6,54.4,9,6.7,0.484,18.2,33.8,0.238
117,Illinois-Chicago,34,18,16,0.529,-1.79,-0.69,,7,9,,12,4,,4,10,,2136,2134,,63.8,97.4,0.342,0.34,0.503,54.1,55.1,8.6,10.3,0.462,16.9,34.6,0.244
118,Indiana NCAA,36,29,7,0.806,24.92,8.39,,14,4,,17,2,,7,2,,2831,2236,,67.1,91.9,0.27,0.327,0.474,46.7,43.3,9.4,11.2,0.44,17.8,34,0.191
119,Indiana State,33,18,15,0.545,5.08,5.64,,9,9,,11,3,,4,10,,2159,2164,,65.3,98.9,0.387,0.31,0.507,53,51.3,10.3,6.4,0.466,15.8,32.6,0.27
120,Iona NCAA,34,20,14,0.588,4.06,0,,11,7,,11,1,,5,9,,2733,2595,,70.5,105.6,0.321,0.349,0.54,52.9,56.1,7.6,11,0.516,16.5,37.4,0.215
121,Iowa,38,25,13,0.658,14.22,6.93,,9,9,,18,2,,3,8,,2665,2388,,66.6,93.4,0.311,0.332,0.48,48.9,51.8,10.3,10.7,0.441,16.7,33.4,0.22
122,Iowa State NCAA,35,23,12,0.657,14.5,6.13,,11,7,,16,1,,4,7,,2779,2486,,70,100,0.327,0.333,0.518,48.8,53.8,9.3,8.5,0.48,16.2,31,0.237
123,IU Indy,32,6,26,0.188,-15.92,-2.79,,1,15,,3,8,,1,13,,2096,2451,,66.2,114,0.305,0.316,0.578,57.8,54.1,10.2,7.4,0.547,14.9,36.5,0.229
124,Jackson State,29,11,18,0.379,-14.82,-9.55,,9,9,,6,3,,4,14,,1920,2073,,69.4,101.7,0.393,0.324,0.53,56.8,47.8,8.9,10.2,0.5,17.9,38.1,0.258
125,Jacksonville,32,14,18,0.438,-10.2,-4.47,,9,9,,10,3,,3,13,,2181,2300,,69.4,102,0.383,0.329,0.535,51.6,56.3,10.4,10.2,0.498,17.9,34.6,0.268
126,Jacksonville State,28,17,11,0.607,-4.47,-4.28,,8,8,,9,3,,6,8,,1857,1817,,63.8,100.8,0.381,0.269,0.537,56.6,52,10.2,10.4,0.494,20.8,43.7,0.281
127,James Madison NCAA,36,21,15,0.583,-1.67,-2.22,,11,7,,10,4,,4,9,,2346,2326,,64.1,100,0.392,0.341,0.526,53.8,57,8.2,8.5,0.487,18.1,34.5,0.273
128,Kansas NCAA,37,31,6,0.838,20.79,7.55,,14,4,,16,1,,7,3,,2782,2292,,67.8,89.9,0.32,0.356,0.456,47.4,50.6,10.4,7.4,0.415,15.7,31.3,0.22
129,Kansas City,32,8,24,0.25,-13.61,-2.74,,5,11,,3,11,,4,11,,1950,2252,,65.1,108,0.416,0.31,0.568,53.2,55.1,12.1,9.3,0.54,16.8,33.3,0.282
130,Kansas State NCAA,35,27,8,0.771,13.54,6.54,,14,4,,15,1,,7,3,,2414,2115,,63.6,95,0.36,0.3,0.504,49.4,51.7,8.7,8.9,0.466,19,35.7,0.248
131,Kennesaw State,30,3,27,0.1,-15.13,-4.5,,2,16,,2,10,,1,15,,1831,2150,,64.5,108.9,0.476,0.313,0.585,56.4,56.6,10,9.2,0.555,18.6,38.2,0.325
132,Kent State,35,21,14,0.6,2.38,-0.82,,9,7,,12,6,,8,7,,2484,2373,,65.8,101.2,0.405,0.339,0.524,51.8,57.7,8.9,10.7,0.487,17.7,36.8,0.277
133,Kentucky,33,21,12,0.636,13.96,5.81,,12,6,,16,2,,4,8,,2396,2127,,66.8,95.8,0.302,0.284,0.478,48.8,47.2,8.8,9,0.439,14.9,33.5,0.217
134,La Salle NCAA,34,24,10,0.706,10.15,4.47,,11,5,,13,2,,8,6,,2450,2257,,66.5,99.1,0.285,0.246,0.52,55.4,50,8.7,10.7,0.493,18.3,37.7,0.194
135,Lafayette,34,19,15,0.559,-2.99,-2.35,,10,4,,14,3,,5,12,,2349,2346,,65.8,104.5,0.314,0.322,0.548,56.2,52.7,9.8,8.5,0.522,17.8,36.3,0.215
136,Lamar,31,3,28,0.097,-20.56,-3.27,,1,17,,1,10,,1,17,,1862,2398,,70.8,108.4,0.29,0.282,0.528,53.3,54.4,13.9,9.7,0.503,13.5,38.4,0.195
137,Lehigh,31,21,10,0.677,3.96,-3,,10,4,,11,3,,9,7,,2266,2022,,66.6,97.9,0.288,0.363,0.501,55,60.2,7.8,8.9,0.469,17.4,37.3,0.2
138,Liberty NCAA,36,15,21,0.417,-9.11,-5.78,,6,10,,8,7,,4,11,,2489,2519,,66.6,104,0.385,0.334,0.511,52.8,51.3,9.9,10.1,0.473,13.5,35.3,0.263
139,Lipscomb,30,12,18,0.4,-11.41,-3.17,,7,11,,8,6,,4,11,,2079,2300,,70.9,106.8,0.444,0.412,0.548,50.1,58.9,11.4,12,0.517,16.2,34.5,0.294
140,Little Rock,32,17,15,0.531,-4.34,-2.21,,11,9,,13,3,,3,10,,2127,2132,,69.2,96.3,0.424,0.35,0.522,53.4,51,9.4,7.2,0.48,20.3,36.4,0.293
141,Long Beach State,33,19,14,0.576,-1.48,1.62,,14,4,,11,3,,7,10,,2291,2360,,68.2,104.5,0.32,0.36,0.531,52.9,60.9,9.6,8.1,0.504,16.9,38.2,0.215
142,Long Island University NCAA,34,20,14,0.588,-3.19,-5.78,,12,6,,12,2,,7,9,,2677,2589,,70,108,0.316,0.309,0.55,51.4,54.2,9.8,10,0.526,15.8,37.2,0.214
143,Longwood,33,8,25,0.242,-19.32,-5.07,,4,12,,4,9,,2,14,,2270,2687,,72.4,112.1,0.344,0.292,0.57,54.5,55.9,12.4,8,0.539,15.9,37.3,0.249
144,Louisiana,33,13,20,0.394,-4.9,-2.22,,8,12,,10,5,,2,14,,2337,2413,,71,101.9,0.428,0.305,0.528,55.7,45.6,9.1,10.1,0.486,17.9,38.6,0.298
145,Louisiana State,31,19,12,0.613,5.82,4.01,,9,9,,14,3,,4,8,,2194,2138,,69,98.3,0.38,0.308,0.508,52.5,43.9,10.5,10.9,0.47,18.3,37.9,0.26
146,Louisiana Tech,34,27,7,0.794,5.47,-2.08,,16,2,,14,0,,11,6,,2470,2151,,70.6,89.7,0.353,0.284,0.482,52.7,46.4,8.5,8.9,0.445,20.9,37.2,0.236
147,Louisiana-Monroe,27,4,23,0.148,-13.95,-1.43,,3,17,,3,9,,1,13,,1621,1959,,66.9,107.4,0.396,0.364,0.569,56.8,55.3,12.1,14.1,0.535,18.8,37.9,0.282
148,Louisville NCAA,40,35,5,0.875,24.82,9.14,,14,4,,15,1,,8,3,,2978,2351,,66.4,87.1,0.349,0.333,0.483,48.9,49.7,8.3,8.1,0.448,23.1,35.4,0.23
149,Loyola (IL),31,15,16,0.484,-1.02,-2.29,,5,11,,8,6,,6,9,,1995,1934,,63.1,98.5,0.3,0.313,0.516,51,50.5,10.7,11.7,0.484,16.3,31,0.209
150,Loyola (MD),35,23,12,0.657,1.35,-2.08,,12,6,,13,3,,7,8,,2341,2221,,63.9,97.9,0.424,0.295,0.498,52.1,49,8.1,10.4,0.458,17.6,40.1,0.281
151,Loyola Marymount,34,11,23,0.324,-3.1,2.81,,1,15,,5,9,,2,12,,2202,2338,,66,103.1,0.404,0.358,0.542,52.1,58.5,10.2,8.5,0.511,18.1,34.7,0.271
152,Maine,30,11,19,0.367,-9.55,-4.1,,6,10,,8,4,,3,15,,1988,2091,,69.1,100.9,0.332,0.323,0.51,52,51.1,11,6.8,0.475,15.1,33.9,0.23
153,Manhattan,32,14,18,0.438,-1.96,-0.36,,9,9,,7,4,,5,11,,1865,1916,,62.5,95,0.465,0.328,0.51,53,58.2,11.2,12.7,0.461,19.9,36.1,0.322
154,Marist,31,10,21,0.323,-6.33,-1.62,,6,12,,6,7,,3,11,,2045,2191,,67.8,103,0.32,0.302,0.528,55.1,51.1,11.3,9.4,0.499,16.3,35.6,0.218
155,Marquette NCAA,35,26,9,0.743,14.05,8.59,,14,4,,16,0,,5,6,,2382,2191,,63.4,97.4,0.317,0.359,0.495,49.2,59.5,10.2,9.8,0.462,16.6,36.8,0.216
156,Marshall,32,13,19,0.406,-3.61,0.94,,6,10,,11,4,,1,11,,2208,2327,,68.8,104.9,0.383,0.293,0.526,51.5,56.7,12.4,7.7,0.495,16,39.5,0.254
157,Maryland,38,25,13,0.658,11.39,4.68,,8,10,,18,3,,4,7,,2688,2433,,67.3,94.8,0.297,0.339,0.474,46,51.2,10.1,10.2,0.436,13.6,30.3,0.21
158,Maryland-Baltimore County,31,8,23,0.258,-12.48,-3.68,,5,11,,6,8,,1,14,,1970,2216,,67.6,104.1,0.446,0.352,0.546,54.9,56.3,10.9,7.9,0.508,17.7,35.4,0.308
159,Maryland-Eastern Shore,28,2,26,0.071,-19.66,-5.16,,2,14,,2,6,,0,15,,1535,1941,,64.6,106.4,0.332,0.344,0.559,54.4,59.3,11.1,12.1,0.537,18.3,39.3,0.22
160,Massachusetts,33,21,12,0.636,5.84,4.57,,9,7,,10,5,,8,4,,2408,2366,,70.9,100.8,0.35,0.326,0.513,52.1,55.2,10,8.8,0.474,16.1,35.8,0.248
161,McNeese State,31,14,17,0.452,-11.5,-4.64,,7,11,,9,5,,4,11,,2055,2172,,66,103.6,0.359,0.295,0.517,54.7,56.6,8.8,7.9,0.48,16.3,40.1,0.249
162,Memphis NCAA,36,31,5,0.861,12.28,2.73,,16,0,,17,1,,9,1,,2681,2337,,69.5,92.7,0.349,0.304,0.492,49.2,50.1,10.6,8.1,0.455,19,33.9,0.236
163,Mercer,36,24,12,0.667,0.94,-3.82,,14,4,,13,0,,9,8,,2371,2135,,62.9,93.7,0.392,0.375,0.495,52.7,52.6,9.1,9.4,0.457,19.1,35.7,0.258
164,Miami (FL) NCAA,36,29,7,0.806,16.98,7.87,,15,3,,14,1,,10,3,,2509,2181,,64,94.3,0.283,0.349,0.484,49.9,48.9,8.3,8.3,0.457,15.9,30.7,0.184
165,Miami (OH),31,9,22,0.29,-6.62,-0.25,,3,13,,5,8,,4,13,,1954,2128,,65.3,104.6,0.375,0.382,0.564,56.3,59.4,11.1,10.9,0.538,19.9,37.6,0.254
166,Michigan NCAA,39,31,8,0.795,21.29,10.05,,12,6,,17,1,,5,5,,2932,2467,,64.1,97.7,0.226,0.335,0.501,50.1,52.5,8.3,8.3,0.478,16,32.3,0.154
167,Michigan State NCAA,36,27,9,0.75,18.63,10.55,,13,5,,17,1,,6,5,,2448,2129,,64.7,91.4,0.32,0.342,0.476,46.7,51.5,11.5,8.8,0.441,16.6,30.1,0.213
168,Middle Tennessee NCAA,34,28,6,0.824,11.18,-1.5,,19,1,,15,0,,11,3,,2405,1974,,65.6,87.9,0.428,0.317,0.481,47.7,46.3,9.8,7,0.444,20.5,31.5,0.271
169,Milwaukee,32,8,24,0.25,-10.31,-0.25,,3,13,,7,7,,1,15,,2007,2264,,66,105.5,0.304,0.306,0.53,56.6,54.2,11.5,11.6,0.5,15.2,39.2,0.213
170,Minnesota NCAA,34,21,13,0.618,16.84,10.31,,8,10,,15,2,,3,8,,2337,2115,,63.5,97.6,0.367,0.347,0.497,46.9,56.3,12,9.1,0.456,17.1,36.9,0.255
171,Mississippi NCAA,36,27,9,0.75,14.44,4.17,,12,6,,16,1,,6,6,,2779,2409,,70.5,94,0.311,0.363,0.495,51.9,54.6,8.1,7.8,0.464,18.5,35.5,0.206
172,Mississippi State,32,10,22,0.313,-4.52,4.36,,4,14,,7,7,,1,11,,1940,2224,,68.2,101.1,0.258,0.365,0.524,55.4,56.6,12.3,13.4,0.499,18.8,39.8,0.178
173,Mississippi Valley State,28,5,23,0.179,-19.14,-8.29,,5,13,,4,5,,1,16,,1765,2069,,70.7,104,0.431,0.274,0.542,56.7,49.1,11.1,11.2,0.515,18.8,41.9,0.276
174,Missouri NCAA,34,23,11,0.676,15.42,6.01,,11,7,,17,0,,2,8,,2588,2268,,68.2,97,0.297,0.349,0.493,46.3,46.3,9.3,8.2,0.461,15.1,31.5,0.203
175,Missouri State,33,11,22,0.333,-2.8,4.65,,7,11,,8,7,,2,12,,1966,2136,,61.5,104.5,0.386,0.35,0.546,55.4,55.9,7.7,9.6,0.51,17.1,33.3,0.272
176,Monmouth,31,10,21,0.323,-12.01,-4.17,,5,13,,5,8,,3,13,,2009,2252,,70.8,102.5,0.415,0.384,0.561,57.9,61,10.1,13.7,0.529,21.8,41.3,0.285
177,Montana NCAA,32,25,7,0.781,-1.19,-4.29,,19,1,,15,1,,10,4,,2238,2096,,63.8,100.7,0.35,0.303,0.519,53.6,48.6,8.9,8.4,0.481,16.1,33.7,0.248
178,Montana State,30,13,17,0.433,-11,-6.78,,10,10,,10,6,,3,10,,2118,2181,,67,106.7,0.382,0.353,0.582,53.9,53.4,9.4,8.1,0.548,19.3,33,0.28
179,Morehead State,33,15,18,0.455,-5.34,-1.79,,8,8,,10,5,,3,12,,2396,2408,,70.9,101.5,0.58,0.348,0.571,48.1,63.2,11.2,10.3,0.517,21.2,32.8,0.421
180,Morgan State,32,17,15,0.531,-5.38,-7.5,,10,6,,5,4,,8,9,,2162,2094,,67.3,95.7,0.382,0.307,0.492,51.6,49,10.5,8,0.453,18.3,39.7,0.257
181,Mount St. Mary's,32,18,14,0.563,-5.83,-4.08,,11,7,,10,2,,8,12,,2233,2289,,67.6,105.4,0.382,0.241,0.58,56.5,51.5,8.8,7.7,0.557,20.8,37.1,0.255
182,Murray State,31,21,10,0.677,1.25,-2.86,,10,6,,10,4,,8,4,,2257,2071,,67,98.1,0.329,0.319,0.511,50.7,53.3,9.8,7.9,0.471,17.7,34.5,0.24
183,Navy,31,8,23,0.258,-11.29,-4.42,,2,12,,5,9,,2,13,,1709,1888,,60.6,100.1,0.378,0.399,0.525,57.6,61.3,8.5,8.9,0.491,18.5,37.7,0.256
184,NC State NCAA,35,24,11,0.686,14.34,7.19,,11,7,,16,1,,3,7,,2708,2458,,68.6,102,0.29,0.323,0.504,49.8,45.6,8.7,8.2,0.468,14.1,35.2,0.21
185,Nebraska,33,15,18,0.455,4.4,9.58,,5,13,,11,7,,2,9,,1923,2094,,61.8,102.7,0.389,0.313,0.521,55.7,49.7,8.4,11.3,0.486,15.5,34.4,0.263
186,Nevada,31,12,19,0.387,0.35,5.25,,3,13,,10,7,,2,11,,2092,2229,,66.9,106.6,0.396,0.341,0.548,54.5,58.5,9.8,11.3,0.517,16.2,35.7,0.269
187,Nevada-Las Vegas NCAA,35,25,10,0.714,12.81,5.6,,10,6,,17,2,,6,6,,2498,2206,,68.9,91.1,0.294,0.319,0.475,48,50.9,9.4,6.7,0.439,16.3,29.5,0.204
188,New Hampshire,29,9,20,0.31,-8.24,-4.17,,5,11,,6,6,,3,13,,1745,1819,,64.5,96.5,0.364,0.311,0.495,54,45.9,9.8,8.5,0.452,16.3,32.9,0.258
189,New Mexico NCAA,35,29,6,0.829,13.24,6.59,,13,3,,15,1,,8,4,,2355,2122,,64.7,93.1,0.257,0.391,0.486,50.6,57.9,8.3,8.5,0.459,16.9,30.3,0.173
190,New Mexico State NCAA,35,24,11,0.686,5.09,0.68,,14,4,,15,1,,6,8,,2355,2175,,65.2,94.7,0.303,0.299,0.488,46.9,47.2,9.4,7.9,0.45,16.2,31.6,0.217
191,New Orleans,26,8,18,0.308,-21.28,-6.14,,,,,8,4,,0,13,,1791,1958,,72.6,101.3,0.403,0.31,0.539,54.7,57.5,12.3,7.2,0.508,19.2,38.5,0.269
192,Niagara,33,19,14,0.576,0.59,-1.14,,13,5,,11,4,,7,8,,2436,2379,,68.9,103.1,0.406,0.358,0.55,54.4,55,8,10.2,0.517,19.4,37.7,0.279
193,Nicholls State,30,9,21,0.3,-10.56,-5,,8,10,,5,5,,4,13,,2020,2187,,67.3,106.9,0.393,0.269,0.555,56.5,51.3,9.9,11.8,0.521,17.8,40.1,0.275
194,NJIT,29,16,13,0.552,-8.34,-9.02,,6,2,,12,3,,4,9,,2042,1869,,68.5,91.7,0.384,0.339,0.48,50.5,58.4,8.9,12.8,0.437,18.7,35.5,0.262
195,Norfolk State,33,21,12,0.636,-5.76,-6.54,,16,0,,11,0,,10,9,,2188,2162,,68.7,95,0.385,0.309,0.487,53.3,48.4,10.4,10.1,0.449,18.4,39.3,0.256
196,North Carolina NCAA,36,25,11,0.694,14.57,8.06,,12,6,,14,2,,7,6,,2762,2492,,71.6,96.3,0.268,0.33,0.509,51.4,47.8,9.4,8.4,0.48,18.6,35,0.188
197,North Carolina A&T NCAA,37,20,17,0.541,-6.93,-6.29,,8,8,,9,3,,5,12,,2299,2291,,67.1,92,0.409,0.382,0.488,53.6,57,10.1,10.8,0.449,20.1,36.4,0.267
198,North Carolina Central,31,22,9,0.71,-2.22,-7.04,,15,1,,12,2,,9,5,,2079,1758,,64.9,87.3,0.383,0.357,0.479,50.6,53.2,10.5,9.6,0.444,21.3,33.6,0.245
199,North Dakota,33,16,17,0.485,-8.66,-5.46,,12,8,,9,5,,6,11,,2222,2243,,67.2,100.7,0.325,0.314,0.521,53.9,49.4,10.3,10.7,0.485,17.6,36,0.234
200,North Dakota State,34,24,10,0.706,5.21,-4.01,,12,4,,12,1,,7,8,,2282,1908,,61,91.3,0.353,0.331,0.482,47.8,51.9,9,8.7,0.439,16.4,26.8,0.248
201,North Florida,32,13,19,0.406,-7.09,-2.96,,8,10,,7,4,,4,14,,2121,2235,,66.7,104.8,0.364,0.241,0.518,55.3,46.2,11.3,11.5,0.482,15.7,40.9,0.25
202,North Texas,32,12,20,0.375,-6.38,-2.71,,7,13,,8,7,,2,11,,2117,2201,,67.7,100.5,0.337,0.312,0.509,52.1,48.7,9.9,8.2,0.473,15.9,36.7,0.234
203,Northeastern,33,20,13,0.606,-1.34,-1.91,,14,4,,7,8,,10,3,,2273,2254,,63.8,104.6,0.291,0.329,0.551,55.1,49.9,10.8,10.4,0.522,19,39.8,0.209
204,Northern Arizona,32,11,21,0.344,-12.15,-3.69,,8,12,,6,6,,4,13,,2140,2411,,68.6,107.7,0.388,0.341,0.568,55.4,53,11.5,10.3,0.532,17.6,34.5,0.282
205,Northern Colorado,31,13,18,0.419,-7.76,-5.31,,10,10,,8,5,,4,13,,2184,2181,,66.3,105.6,0.33,0.379,0.548,50.5,54.9,9.1,8.5,0.517,16.2,32.1,0.234
206,Northern Illinois,30,5,25,0.167,-12,-2.2,,3,13,,3,11,,2,14,,1619,1885,,62.6,100,0.509,0.427,0.55,52.7,56.7,10.6,10.9,0.504,19.9,33.4,0.359
207,Northern Iowa,36,21,15,0.583,8.58,5.21,,11,7,,16,4,,5,6,,2400,2229,,63.4,96.6,0.26,0.349,0.514,52.2,46.3,9.9,7.9,0.486,17.5,29.2,0.185
208,Northern Kentucky,27,11,16,0.407,-7.55,-5.15,,9,9,,5,4,,6,9,,1582,1647,,60.4,101,0.357,0.35,0.534,56.1,54.6,8.2,11.3,0.498,18.1,34.5,0.253
209,Northwestern,32,13,19,0.406,5.36,8.29,,4,14,,8,11,,3,7,,1943,2037,,61.5,103.2,0.378,0.311,0.511,58.6,58.9,9.4,13,0.482,15.8,41,0.242
210,Northwestern State NCAA,32,23,9,0.719,0.39,-3.79,,15,3,,13,1,,8,7,,2559,2285,,74.4,96,0.388,0.267,0.499,52.4,48.1,9.3,5.4,0.469,18.9,39.4,0.243
211,Notre Dame NCAA,35,25,10,0.714,13.76,7.24,,11,7,,17,2,,4,5,,2450,2222,,62,99.5,0.246,0.292,0.495,49.4,60.7,9,9.3,0.468,13.7,32.7,0.17
212,Oakland,33,16,17,0.485,-4.38,-1.61,,10,6,,10,2,,5,14,,2444,2485,,68.9,108.4,0.351,0.399,0.59,53.5,58.9,8.4,11,0.566,18.7,33.3,0.246
213,Ohio,34,24,10,0.706,6.95,-1.05,,14,2,,16,2,,7,7,,2464,2192,,67.7,94.5,0.459,0.298,0.515,56,54.9,9.5,8,0.475,21.7,38.2,0.306
214,Ohio State NCAA,37,29,8,0.784,20.19,9.33,,13,5,,16,2,,5,5,,2599,2197,,64.3,92,0.295,0.362,0.491,49.5,48.1,6.8,7.4,0.454,18,30,0.211
215,Oklahoma NCAA,32,20,12,0.625,11.4,7.08,,11,7,,12,2,,5,7,,2260,2122,,66.8,98.5,0.314,0.343,0.507,51.3,50.1,9.5,6.5,0.474,16.8,34.5,0.218
216,Oklahoma State NCAA,33,24,9,0.727,15.57,6.72,,13,5,,15,2,,5,5,,2371,2079,,67.3,91.9,0.351,0.343,0.485,50.9,46.4,8.7,7.3,0.445,18.6,33.2,0.241
217,Old Dominion,30,5,25,0.167,-7.56,-1.53,,3,15,,2,15,,2,10,,1947,2128,,65.9,107.2,0.392,0.353,0.557,50.2,59.2,9.7,10.6,0.523,17.5,36.5,0.276
218,Omaha,31,11,20,0.355,-15.19,-3.91,,6,10,,7,6,,3,13,,2215,2548,,71.6,114.8,0.291,0.341,0.578,57.5,51.9,10.8,6.4,0.556,15.3,39.5,0.205
219,Oral Roberts,35,20,15,0.571,-0.27,-3.03,,13,5,,10,4,,9,8,,2484,2341,,66.5,99.8,0.274,0.287,0.513,49.4,54,10.4,8.9,0.489,16.4,34.9,0.182
220,Oregon NCAA,37,28,9,0.757,13.78,5.73,,12,6,,17,2,,6,5,,2650,2352,,68.8,90.8,0.333,0.298,0.498,47.5,47.5,9.6,7.1,0.464,19.4,29.6,0.225
221,Oregon State,32,14,18,0.438,6.01,4.26,,4,14,,9,8,,3,7,,2304,2248,,68.6,102,0.301,0.314,0.515,51.2,52.6,9.3,8.5,0.485,15.1,35.6,0.208
222,Pacific NCAA,35,22,13,0.629,1.67,0.76,,13,5,,13,2,,4,9,,2344,2238,,63.3,100.6,0.371,0.385,0.529,52.2,55.7,8.2,7.8,0.49,17.5,32.4,0.264
223,Penn State,31,10,21,0.323,2.86,9.47,,2,16,,8,9,,1,9,,1910,2115,,64.4,105,0.511,0.383,0.544,51.9,57.2,8.9,10.3,0.494,15.4,30.7,0.365
224,Pennsylvania,31,9,22,0.29,-6.95,-1.47,,6,8,,5,7,,4,12,,1947,2117,,67.5,100.7,0.45,0.335,0.531,55.7,54.6,11.2,11.4,0.478,18.4,36.7,0.334
225,Pepperdine,30,12,18,0.4,-3.85,0.94,,4,12,,6,7,,5,10,,1883,2021,,63.8,103.9,0.342,0.344,0.516,51.9,56.8,11,7.6,0.477,15,36.1,0.245
226,Pittsburgh NCAA,33,24,9,0.727,18.84,5.66,,12,6,,16,3,,6,3,,2282,1847,,60.4,91.6,0.364,0.354,0.493,46.9,53.4,9,9.4,0.446,19.2,33,0.263
227,Portland,32,11,21,0.344,-5.82,3.24,,4,12,,8,8,,2,11,,1951,2189,,65.5,104,0.351,0.34,0.534,50.4,55.1,12.9,7.7,0.499,15.5,33,0.246
228,Portland State,28,8,20,0.286,-10.94,-5.64,,5,15,,8,6,,0,14,,1929,2037,,65.3,111,0.328,0.3,0.568,53.9,56.5,10,7.7,0.54,15.5,36.5,0.233
229,Prairie View,34,15,19,0.441,-15.63,-10.11,,8,10,,9,4,,3,13,,2182,2223,,69.3,94,0.426,0.361,0.493,50.3,53.2,10.8,6.7,0.454,18.7,36.7,0.277
230,Presbyterian,32,8,24,0.25,-17.43,-4.67,,4,12,,7,6,,1,15,,1987,2248,,63.1,110.5,0.333,0.343,0.553,56.1,49.9,10.6,8.7,0.52,14.3,35.8,0.24
231,Princeton,28,17,11,0.607,3.17,-1.64,,10,4,,9,4,,8,6,,1803,1635,,60.4,96.2,0.364,0.269,0.511,50.2,45.7,10.7,9.1,0.468,17.9,30.5,0.264
232,Providence,34,19,15,0.559,9.3,6.56,,9,9,,14,4,,4,8,,2299,2206,,65.8,97.6,0.33,0.297,0.499,50.3,54.8,9.6,9.8,0.462,16.8,36.1,0.231
233,Purdue,34,16,18,0.471,9.04,7.87,,8,10,,12,7,,4,7,,2252,2212,,65.7,98.4,0.333,0.302,0.495,49.3,55.2,10.7,9.9,0.455,14.7,33.9,0.237
234,Purdue Fort Wayne,33,16,17,0.485,-6.99,-5.31,,7,9,,10,4,,4,10,,2213,2178,,65.7,99,0.368,0.328,0.54,49.8,47.6,9.5,7.8,0.507,18.1,27.6,0.255
235,Quinnipiac,31,15,16,0.484,-4.74,-4.9,,11,7,,8,6,,6,8,,2225,2220,,67.6,103.9,0.422,0.316,0.534,45.1,51.8,9.2,5.7,0.493,13.9,28.6,0.295
236,Radford,32,13,19,0.406,-10.83,-7.27,,7,9,,8,5,,4,12,,2136,2179,,68.4,98,0.393,0.273,0.525,52.9,50.8,10.2,9.8,0.488,19.3,35.2,0.27
237,Rhode Island,29,8,21,0.276,-0.58,4.97,,3,13,,5,10,,3,9,,1786,1947,,63.2,104.4,0.4,0.33,0.525,56.9,51.8,9.2,11.3,0.487,16.5,39.6,0.274
238,Rice,31,5,26,0.161,-11.13,0.01,,1,15,,5,11,,0,11,,1875,2199,,63.8,110.8,0.453,0.331,0.581,62.3,55.6,9.5,11.9,0.551,17.9,39.8,0.309
239,Richmond,34,19,15,0.559,6.92,3.45,,8,8,,15,2,,4,11,,2380,2262,,64.3,101.6,0.43,0.269,0.538,56.2,50.7,9,9.7,0.491,19.4,38.2,0.315
240,Rider,34,19,15,0.559,-1.19,-1.63,,12,6,,9,5,,8,9,,2166,2151,,65.9,95.9,0.383,0.336,0.5,52.2,52.3,10.8,8.4,0.455,17.9,35.1,0.271
241,Robert Morris,35,24,11,0.686,0.25,-4.89,,14,4,,13,3,,10,7,,2480,2300,,66.3,98.8,0.46,0.344,0.545,54.8,53.5,8.9,7.7,0.506,21.3,37.2,0.315
242,Rutgers,31,15,16,0.484,5.98,6.79,,5,13,,9,7,,4,8,,2027,2052,,64.7,102.3,0.398,0.358,0.52,51.9,59.4,9.9,7.6,0.479,16.6,38.5,0.279
243,Sacramento State,29,14,15,0.483,-9.5,-6.88,,8,12,,10,4,,4,11,,1876,1904,,63.7,103,0.279,0.375,0.526,53.4,61.6,8.5,10.4,0.497,16.2,35.3,0.196
244,Sacred Heart,29,9,20,0.31,-9.75,-3.68,,7,11,,5,7,,3,13,,2036,2212,,68.9,109.8,0.382,0.322,0.548,53.5,55.8,11.5,9.3,0.512,15.3,39.3,0.272
245,Saint Francis (PA),29,5,24,0.172,-15.15,-4.36,,5,13,,3,10,,2,14,,1804,2117,,64.4,111.3,0.399,0.333,0.573,57,55.4,10.7,10.1,0.53,16.5,38.8,0.303
246,Saint Joseph's,32,18,14,0.563,7.33,4.05,,8,8,,11,4,,5,8,,2150,2045,,63.2,100.3,0.239,0.327,0.488,52.3,56,9.5,8.3,0.461,13.6,36.6,0.166
247,Saint Louis NCAA,35,28,7,0.8,14.35,4.29,,13,3,,17,2,,6,3,,2388,2036,,64.5,89.5,0.35,0.266,0.489,52.7,54,9,10.4,0.455,20.5,31.9,0.229
248,Saint Mary's (CA) NCAA,35,28,7,0.8,14.46,3.26,,14,2,,16,1,,9,2,,2610,2203,,64.5,97.2,0.368,0.287,0.515,45.5,49,9.7,7.9,0.473,16.1,26.9,0.265
249,Saint Peter's,30,9,21,0.3,-9.04,-2.9,,3,15,,5,8,,4,11,,1788,1972,,64.1,101.7,0.416,0.339,0.542,55.3,53.1,9.5,10.2,0.501,19,36.5,0.296
250,Sam Houston,34,17,17,0.5,-6.48,-5.19,,8,10,,9,6,,6,10,,2168,2080,,65.3,92.4,0.47,0.31,0.508,49.6,64.3,8.6,11.3,0.458,20,29.4,0.328
251,Samford,32,11,21,0.344,-10.02,-4.34,,9,9,,7,6,,4,12,,1957,2114,,61.2,105.9,0.36,0.341,0.545,56.4,55,11,10.7,0.51,17.2,37.8,0.257
252,San Diego,34,16,18,0.471,-0.6,2.56,,7,9,,10,5,,4,9,,2215,2260,,64.6,102.1,0.362,0.297,0.529,53.4,49.5,10.8,10.9,0.492,17.5,36.5,0.256
253,San Diego State NCAA,34,23,11,0.676,12.95,6.14,,9,7,,14,1,,4,6,,2356,2077,,66.6,91.4,0.282,0.328,0.478,49.6,56.4,7.9,7.9,0.446,16.5,30.7,0.191
254,San Francisco,31,15,16,0.484,2.44,2.85,,7,9,,8,7,,6,5,,2161,2141,,66.7,103.1,0.321,0.339,0.528,54.2,45,8.1,7.2,0.495,15.2,32,0.227
255,San Jose State,29,9,20,0.31,-9.43,-0.96,,3,14,,5,9,,4,9,,1802,1999,,68,101,0.339,0.318,0.519,52.6,56.4,9,12.6,0.481,16.3,35.5,0.243
256,Santa Clara,38,26,12,0.684,6.54,1.68,,9,7,,15,5,,10,6,,2827,2577,,68.1,99,0.413,0.3,0.52,51.4,54.3,8.6,7.5,0.474,18.7,35.2,0.297
257,Savannah State,34,19,15,0.559,-5.4,-4.71,,11,5,,11,3,,7,11,,1931,1887,,63.2,86.5,0.446,0.276,0.476,51.4,55.2,13.1,12.3,0.43,22.2,36.5,0.294
258,Seattle,30,8,22,0.267,-4.56,-1.08,,3,15,,5,11,,3,9,,1966,2058,,70.1,96.7,0.417,0.359,0.506,48.5,51.7,13.5,8,0.466,17.5,32.4,0.282
259,Seton Hall,33,15,18,0.455,5.55,5.97,,3,15,,10,7,,2,9,,2136,2150,,65,99.6,0.391,0.317,0.509,52.3,56.9,13.7,11.5,0.467,16.6,35.5,0.274
260,Siena,32,8,24,0.25,-10.23,-1.86,,4,14,,4,10,,2,12,,1921,2189,,64.2,105.8,0.277,0.355,0.52,53.5,57,12.4,13.3,0.487,14.3,39.1,0.201
261,South Alabama,30,17,13,0.567,-2.88,-2.95,,14,6,,10,3,,7,7,,2060,2040,,69,97.7,0.371,0.283,0.508,50.7,44.3,10.8,9.4,0.469,18.1,36.4,0.258
262,South Carolina,32,14,18,0.438,-0.68,2.14,,4,14,,10,8,,1,9,,2115,2205,,66.4,102.2,0.458,0.315,0.539,50.7,55.1,12.2,13.1,0.505,18.1,37.1,0.302
263,South Carolina State,30,6,24,0.2,-18.14,-5.07,,2,14,,5,8,,1,15,,1808,2135,,65.9,106.7,0.352,0.334,0.526,53.4,57.3,10.8,9.4,0.495,15.5,41.2,0.239
264,South Carolina Upstate,33,16,17,0.485,-3.33,-4.53,,9,9,,9,4,,5,11,,2315,2194,,66.9,99.1,0.344,0.362,0.527,49,59.2,10.1,5.5,0.491,18.2,32.5,0.244
265,South Dakota,30,10,20,0.333,-7.5,-2.93,,5,11,,5,7,,4,11,,2113,2208,,67.2,109.6,0.258,0.344,0.545,55.8,54.1,8.5,8,0.524,13.5,35.9,0.176
266,South Dakota State NCAA,35,25,10,0.714,2.35,-3.27,,13,3,,13,0,,7,9,,2568,2300,,64,101.3,0.238,0.346,0.529,48.7,51,9.6,7.2,0.506,15.2,26.8,0.165
267,South Florida,31,12,19,0.387,4.31,7.72,,3,15,,10,8,,2,10,,1822,1928,,60.1,101.1,0.305,0.337,0.508,55.1,56.4,8.2,12.9,0.473,16.4,38.2,0.218
268,Southeast Missouri State,33,17,16,0.515,-5.49,-6.04,,8,8,,9,5,,7,8,,2446,2360,,69.2,102.9,0.343,0.324,0.495,52.2,49.6,9.4,9.2,0.454,12.7,34.7,0.243
269,Southeastern Louisiana,31,13,18,0.419,-10.67,-3.77,,10,8,,9,3,,3,14,,1965,2113,,66.4,102.2,0.412,0.274,0.526,54.9,51.3,8,10.8,0.49,16,34.4,0.276
270,Southern NCAA,33,23,10,0.697,-2.62,-10.32,,15,3,,12,0,,8,8,,2223,1890,,65.4,87.5,0.342,0.311,0.453,53.1,41.9,7.7,8.2,0.411,17.6,33.2,0.23
271,Southern California,32,14,18,0.438,6.26,8.19,,9,9,,10,6,,3,9,,2101,2163,,67.1,99.2,0.376,0.315,0.508,52.5,53.3,10.5,7.4,0.469,15.3,32.5,0.26
272,Southern Illinois,31,14,17,0.452,-0.84,2.26,,6,12,,9,4,,4,11,,1964,2019,,63.2,102.6,0.415,0.352,0.568,53.7,58.3,9.3,6.5,0.53,21.2,35.2,0.301
273,SIU Edwardsville,27,9,18,0.333,-11.17,-4.65,,5,11,,8,5,,1,13,,1699,1827,,66.3,102,0.356,0.318,0.543,54.3,56.4,10.1,9,0.514,18.6,34.5,0.242
274,Southern Methodist,32,15,17,0.469,-0.59,-1.34,,5,11,,7,7,,6,7,,2064,2007,,63.8,97.9,0.39,0.428,0.511,50.3,61.5,11.7,9.2,0.468,18.3,35.8,0.275
275,Southern Mississippi,37,27,10,0.73,8.95,1.49,,12,4,,14,2,,9,6,,2733,2348,,66.2,94.2,0.399,0.461,0.521,48.2,69.9,10.3,9.8,0.485,22,35,0.269
276,Southern Utah,31,11,20,0.355,-12.14,-5.11,,8,12,,9,5,,2,12,,2066,2230,,69.2,103.1,0.556,0.275,0.536,50.7,51.9,11,8.9,0.482,15.1,30.7,0.392
277,St. Bonaventure,29,14,15,0.483,3.45,2.73,,7,9,,8,6,,5,9,,2109,2088,,67.3,106.1,0.413,0.364,0.557,53.9,58.1,9.2,9.7,0.516,18.4,38.5,0.299
278,St. Francis (NY),30,12,18,0.4,-5.91,-4.74,,8,10,,6,6,,6,10,,2108,2143,,67.6,105.3,0.378,0.31,0.544,53.4,54.5,9,8.4,0.508,17,38,0.266
279,St. John's (NY),33,17,16,0.515,5.82,7.18,,8,10,,11,5,,5,8,,2138,2183,,67.4,97.1,0.289,0.332,0.489,55.2,55.8,9,7.6,0.456,16.9,39,0.2
280,Stanford,34,19,15,0.559,11.36,7.33,,9,9,,12,5,,5,7,,2397,2260,,68.3,97,0.337,0.255,0.509,51.1,45.7,8.1,8.3,0.468,16.8,31.5,0.245
281,Stephen F. Austin,32,27,5,0.844,4.23,-6.67,,16,2,,15,0,,11,4,,2075,1639,,62.7,81.6,0.333,0.276,0.458,47.1,45.9,10.9,9.2,0.421,21.4,28.1,0.217
282,Stetson,31,15,16,0.484,-6.13,-4.13,,11,7,,8,6,,6,9,,2180,2218,,68.9,103.8,0.29,0.344,0.528,51.3,55,13.3,8.9,0.505,15.2,34,0.19
283,Stony Brook,33,25,8,0.758,5.61,-4.11,,14,2,,11,1,,13,6,,2245,1898,,64.7,88.9,0.259,0.403,0.469,48.8,54.5,9.5,7.7,0.44,17.9,29.8,0.173
284,Syracuse NCAA,40,30,10,0.75,20.3,8.57,,11,7,,17,2,,5,5,,2816,2347,,65.2,89.5,0.354,0.403,0.467,50.3,67.6,10.6,8,0.426,19.7,38.4,0.238
285,TCU,32,11,21,0.344,-4.28,4.39,,2,16,,9,9,,1,10,,1761,2002,,61.7,101.4,0.336,0.285,0.523,53.1,55.1,9.1,9,0.492,17.3,35.8,0.23
286,Temple NCAA,34,24,10,0.706,9.54,5.21,,11,5,,14,3,,8,4,,2456,2309,,67.6,100.4,0.341,0.295,0.528,53.5,51.6,7.4,8,0.49,17.5,34.6,0.247
287,Tennessee,33,20,13,0.606,9.04,6.07,,11,7,,13,4,,4,7,,2189,2091,,63.1,98.9,0.344,0.278,0.505,48.1,49.3,9.9,11,0.462,15.1,31.5,0.25
288,Tennessee State,33,18,15,0.545,-2.14,-1.27,,11,5,,11,2,,5,11,,2360,2308,,68.8,100.9,0.387,0.341,0.522,50.2,55.4,10.4,8.3,0.485,17.4,35.6,0.266
289,Tennessee Tech,29,12,17,0.414,-9.58,-3.21,,5,11,,9,5,,3,12,,1878,1951,,66.3,101.5,0.447,0.354,0.539,51.2,53.8,11.3,8.8,0.496,19.3,36.6,0.315
290,Tennessee-Martin,30,9,21,0.3,-16.54,-4.14,,5,11,,7,7,,2,13,,2008,2295,,69.5,108.2,0.448,0.354,0.563,53.2,61.9,10.2,11.3,0.523,17.3,36.2,0.321
291,Texas,34,16,18,0.471,6.84,6.54,,7,11,,12,4,,2,10,,2229,2232,,66.7,96,0.427,0.319,0.482,51.2,54.9,11.7,8.5,0.43,16.1,36.5,0.299
292,Texas A&M,33,18,15,0.545,6.51,4.87,,7,11,,12,6,,4,6,,2103,2049,,61.7,98.5,0.357,0.361,0.514,51.8,57.7,9.7,10.6,0.475,18.6,37.3,0.252
293,Texas A&M-Corpus Christi,29,6,23,0.207,-11.78,-3.68,,5,13,,4,9,,2,14,,1746,1962,,63.3,106.8,0.471,0.345,0.547,55.5,58.7,7.5,8,0.505,16.6,38.1,0.327
294,Texas Southern,31,17,14,0.548,-2.12,-7.28,,16,2,,10,3,,7,11,,2179,2019,,65.2,98.3,0.298,0.277,0.487,52.8,52,8.3,10.6,0.453,14.8,36.3,0.204
295,Texas State,34,12,22,0.353,-6.39,-0.93,,5,13,,4,11,,5,8,,2398,2558,,71.6,104.7,0.374,0.32,0.547,56.6,53.3,10,9.9,0.51,17.8,37.4,0.268
296,Texas Tech,31,11,20,0.355,-3.1,4.32,,3,15,,9,11,,1,8,,2026,2256,,68.2,106.3,0.411,0.334,0.563,54.2,53.1,11.2,9.5,0.528,18.4,37.6,0.29
297,Texas-Rio Grande Valley,32,16,16,0.5,-13.37,-8.19,,5,3,,11,2,,3,11,,2101,2155,,66,99.7,0.342,0.28,0.522,55.6,51.8,10.8,7.4,0.492,19.2,38.7,0.229
298,The Citadel,30,8,22,0.267,-16.96,-5.42,,5,13,,5,8,,3,12,,1931,2195,,65,112.2,0.28,0.366,0.566,54.7,51.7,13.7,8.2,0.54,16.1,40.1,0.203
299,Toledo,28,15,13,0.536,-2.42,-3.03,,10,6,,8,4,,6,9,,1928,1911,,66.6,101.6,0.359,0.381,0.525,55.5,52.4,9.9,10.2,0.486,18,38.7,0.256
300,Towson,31,18,13,0.581,-1.89,-2.56,,13,5,,6,5,,9,8,,2125,2066,,65.3,99.6,0.373,0.303,0.491,47.7,54.7,11.2,10.2,0.447,13.9,34.5,0.262
301,Troy,33,12,21,0.364,-8.75,-4,,6,14,,8,7,,2,12,,2046,2203,,61.9,105.1,0.366,0.352,0.538,55.1,52.1,8,9.4,0.51,16.4,36.8,0.244
302,Tulane,35,20,15,0.571,1.87,-1.8,,6,10,,15,4,,3,10,,2436,2299,,65.2,100.8,0.33,0.344,0.547,49.3,63.3,9,10.9,0.515,18.2,30.7,0.237
303,Tulsa,33,17,16,0.515,-1.06,0.94,,8,8,,9,5,,5,8,,2241,2249,,67.8,99.4,0.408,0.369,0.512,51.9,60.3,11,10,0.473,16.4,33.3,0.277
304,UAB,33,16,17,0.485,0.27,1.52,,7,9,,11,4,,4,10,,2357,2351,,71.3,99.5,0.389,0.327,0.537,51.7,54.7,11.7,9.6,0.5,19.4,34.5,0.273
305,UC Davis,31,14,17,0.452,-3.8,-2.87,,9,9,,6,7,,6,9,,2210,2239,,67.3,106.9,0.31,0.357,0.53,52.4,58.3,11.3,9.5,0.496,13.4,33,0.223
306,UC Irvine,37,21,16,0.568,-0.15,-0.97,,11,7,,13,1,,5,13,,2558,2418,,67,96.5,0.371,0.297,0.479,51.1,52.5,9.1,7.6,0.435,13.9,32.8,0.258
307,UC Riverside,31,6,25,0.194,-11.81,-2.02,,3,15,,5,9,,1,14,,1829,2062,,64.5,102.7,0.32,0.396,0.536,50.4,58.8,10.1,9,0.501,16,30.8,0.232
308,UC Santa Barbara,31,11,20,0.355,-4.53,0.1,,7,11,,8,6,,3,13,,2003,2090,,64.3,103.7,0.372,0.362,0.527,51.5,58.9,10.3,8.3,0.488,15.5,34.1,0.264
309,UCF,31,20,11,0.645,3.46,0.98,,9,7,,14,5,,5,6,,2194,2079,,66.5,100,0.254,0.329,0.504,51.2,56.3,11.4,8.6,0.478,16,36.6,0.173
310,UCLA NCAA,35,25,10,0.714,12.82,7.77,,13,5,,15,3,,6,3,,2604,2427,,69.6,98.3,0.246,0.308,0.498,53.4,52.2,8.9,7.3,0.475,16.8,37.1,0.164
311,UNC Asheville,32,16,16,0.5,-3.63,-3.94,,10,6,,10,4,,6,8,,2296,2213,,69.6,99,0.319,0.312,0.517,50.9,56.2,11.3,7.7,0.488,17.8,35.3,0.215
312,UNC Greensboro,31,9,22,0.29,-9.38,-5.28,,6,12,,6,9,,2,12,,2222,2286,,71.7,102.9,0.501,0.33,0.548,52.5,49,8.5,8.4,0.494,17.2,30.4,0.367
313,UNC Wilmington,30,10,20,0.333,-10.07,-2.24,,5,13,,9,5,,1,15,,1899,2111,,66.6,105.7,0.372,0.303,0.536,52.6,50.3,13.3,9.5,0.5,15.4,34.9,0.261
314,UT Arlington,33,19,14,0.576,0.55,-0.94,,11,7,,7,8,,10,5,,2121,2072,,66.6,94.3,0.439,0.422,0.499,50.1,56.6,11.3,11.4,0.458,19.5,34.9,0.29
315,Utah,33,15,18,0.455,4.7,6.63,,5,13,,11,7,,2,10,,2117,2086,,63.3,99.1,0.297,0.343,0.489,52.6,51.8,11.6,10.8,0.455,14.4,34.9,0.207
316,Utah State,31,21,10,0.677,3.75,-0.72,,11,7,,14,4,,7,5,,2134,1971,,62.2,101,0.301,0.381,0.504,44.4,61,10.9,7.9,0.476,13.1,28.4,0.199
317,Utah Valley,32,14,18,0.438,-11.39,-7.04,,3,5,,9,4,,3,11,,2157,2165,,65.2,101.4,0.275,0.335,0.522,52.9,47.9,9.6,7.5,0.492,15.8,31.6,0.194
318,UTEP,32,18,14,0.563,4.62,2.37,,10,6,,12,3,,4,7,,2042,1970,,61.8,98.1,0.348,0.288,0.501,54.2,53.2,10.5,8.2,0.466,16.8,36.5,0.234
319,UTSA,32,10,22,0.313,-6.48,-1.01,,3,14,,3,9,,4,11,,2048,2223,,65.2,106.2,0.344,0.362,0.554,55.5,60.6,10.6,14.1,0.526,17.5,38.5,0.236
320,Valparaiso NCAA,34,26,8,0.765,7.15,-1.12,,13,3,,15,2,,10,5,,2420,2119,,65.1,95.4,0.363,0.262,0.503,49.5,49.9,10.7,8.3,0.459,17.3,31.4,0.262
321,Vanderbilt,33,16,17,0.485,6.26,6.05,,8,10,,9,6,,4,7,,1991,1984,,61.4,97.1,0.335,0.342,0.497,52.7,49.4,9,11.8,0.46,15.9,31.9,0.232
322,Vermont,33,21,12,0.636,-0.12,-4.45,,11,5,,10,5,,9,7,,2097,1954,,62,95.6,0.338,0.361,0.503,48.5,52.1,10,10.7,0.467,17.8,31.1,0.234
323,Villanova NCAA,34,20,14,0.588,10.75,8.54,,10,8,,12,4,,6,7,,2307,2214,,67.4,94.9,0.408,0.365,0.512,50.2,63.3,11.4,9.7,0.472,19.3,32.1,0.278
324,Virginia,35,23,12,0.657,12.91,4.25,,11,7,,20,2,,3,8,,2248,1945,,61.3,90.3,0.318,0.341,0.48,51.2,47,8.6,8.9,0.441,18.2,30.7,0.223
325,Virginia Commonwealth NCAA,36,27,9,0.75,16.97,4.55,,12,4,,15,2,,8,3,,2770,2323,,68.6,93.4,0.403,0.329,0.534,52,51,8.6,8.7,0.499,24.6,37.2,0.276
326,VMI,31,14,17,0.452,-11.36,-7.08,,8,8,,8,5,,5,10,,2423,2411,,73.7,105.1,0.301,0.297,0.531,53.9,51.4,9.2,6.7,0.5,16.6,39.1,0.213
327,Virginia Tech,32,13,19,0.406,1.8,6.34,,4,14,,10,7,,2,9,,2248,2393,,67.8,108.5,0.381,0.37,0.532,53.5,54.2,7.6,8.6,0.501,13.2,36.5,0.255
328,Wagner,31,19,12,0.613,-3.22,-5.06,,12,6,,11,3,,7,8,,2136,2079,,68,96.3,0.418,0.338,0.513,49.9,52.3,10.3,8.5,0.469,19,33.7,0.293
329,Wake Forest,31,13,18,0.419,3.44,6.19,,6,12,,11,5,,1,10,,2093,2178,,69.2,101.5,0.355,0.296,0.538,53.5,51.3,9.7,11.5,0.508,17.9,32.9,0.243
330,Washington,34,18,16,0.529,7.88,7.18,,9,9,,11,7,,5,7,,2309,2285,,66.1,100.9,0.323,0.289,0.514,49.6,50.8,9.3,7.2,0.482,15.8,34.8,0.222
331,Washington State,32,13,19,0.406,6.65,5.22,,4,14,,10,7,,1,9,,2061,2015,,62.4,100.2,0.317,0.385,0.526,51.4,56.4,10,14.4,0.496,16.9,31.9,0.22
332,Weber State,37,30,7,0.811,5.78,-5.71,,18,2,,17,2,,11,5,,2800,2275,,65.4,93,0.324,0.244,0.48,46.5,41.9,8.7,6.5,0.436,15,27,0.236
333,West Virginia,32,13,19,0.406,4.61,6.55,,6,12,,8,6,,3,9,,2116,2178,,65.5,103.5,0.4,0.332,0.543,51.5,59.1,9.1,9.7,0.511,18.6,37.6,0.27
334,Western Carolina,33,14,19,0.424,-6.42,-4.39,,9,9,,7,6,,5,11,,2288,2299,,66.7,103.6,0.461,0.325,0.539,53,49.4,11.3,8.6,0.493,17.9,38.5,0.328
335,Western Illinois,31,22,9,0.71,-1.87,-5.42,,13,3,,12,2,,7,5,,1845,1663,,58.5,91.4,0.282,0.32,0.485,50.8,51.5,10.5,7.3,0.454,17.8,28.5,0.193
336,Western Kentucky NCAA,36,20,16,0.556,-0.63,-1.12,,10,10,,11,4,,4,9,,2409,2364,,67,97.7,0.381,0.318,0.514,49.7,44.7,9,10.8,0.475,18,32.9,0.265
337,Western Michigan,35,22,13,0.629,0.42,-1.44,,10,6,,12,2,,7,10,,2345,2237,,65.2,97,0.35,0.354,0.506,48.3,56,11.3,10,0.467,16.9,31.9,0.245
338,Wichita State NCAA,39,30,9,0.769,14.68,6.09,,12,6,,14,2,,7,5,,2720,2385,,64.9,94.3,0.383,0.366,0.499,46.8,51.4,8.7,8.3,0.453,17.5,29.6,0.274
339,William & Mary,30,13,17,0.433,-4.01,-3.42,,7,11,,8,5,,5,11,,2064,2048,,63.4,105,0.297,0.332,0.515,52.2,49.9,10.3,12.2,0.485,13.8,34.6,0.205
340,Winthrop,31,14,17,0.452,-8.57,-4.39,,6,10,,11,4,,2,12,,1859,1897,,62,98.4,0.369,0.36,0.507,53.2,55.5,10.4,9.7,0.459,16.1,33.7,0.273
341,Wisconsin NCAA,35,23,12,0.657,18.76,9.73,,12,6,,15,3,,5,6,,2274,1958,,61.4,89.9,0.257,0.249,0.462,49.2,40.3,9.1,7.3,0.43,15.6,28.9,0.177
342,Wofford,32,13,19,0.406,-6.71,-4.61,,7,11,,9,3,,3,15,,1858,1890,,63.6,92.8,0.378,0.323,0.515,53.8,48.6,9.8,9.1,0.475,19.9,29.6,0.266
343,Wright State,36,23,13,0.639,2.25,-1.15,,10,6,,13,5,,8,7,,2233,2105,,63,92.1,0.43,0.359,0.515,53.5,50.1,8.2,10.2,0.471,21.8,31.9,0.297
344,Wyoming,34,20,14,0.588,5.32,4.54,,4,12,,13,6,,6,7,,2074,2010,,60.8,96.5,0.328,0.306,0.515,56,47.2,9.1,8,0.478,18.8,34.2,0.235
345,Xavier,31,17,14,0.548,7.71,4.97,,9,7,,11,4,,4,7,,2021,1936,,63.2,98,0.333,0.385,0.502,48.8,53,8.7,9.4,0.467,15.9,32.1,0.228
346,Yale,31,14,17,0.452,-3.94,-0.8,,8,6,,8,4,,5,11,,2079,2056,,64.1,101.8,0.398,0.336,0.545,49.3,55.2,10.2,11.3,0.509,18,31.7,0.278
347,Youngstown State,34,18,16,0.529,-2.13,-0.8,,7,9,,12,5,,6,9,,2426,2356,,67.9,99.9,0.332,0.303,0.514,53.7,50.6,8.6,8,0.477,16.5,34.3,0.236
